カテゴリ,概要,本文
案内,オフィス移転のご案内,"お世話になっております。

このたび、下記のとおりオフィスを移転することとなりましたのでご案内申し上げます。

新住所：〒000-0000 東京都〇〇区〇〇 1-2-3
業務開始日：□月□日（□）

お近くにお越しの際は、ぜひお立ち寄りください。
今後ともよろしくお願いいたします。"
報告,週次進捗報告,"お疲れさまです。

今週の進捗を報告します。

【完了】
・〇〇の実装
・△△のレビュー対応

【来週予定】
・□□のテスト

以上、よろしくお願いします。"
依頼,お見積もりのお願い,"お世話になっております。

下記の内容でお見積もりをお願いできますでしょうか。

・品名：〇〇
・数量：□□
・希望納期：□月□日

お忙しいところ恐れ入りますが、□月□日までにご回答いただけますと幸いです。"
お礼,資料受領のお礼,お世話になっております。先ほど資料を受領いたしました。早速のご対応、ありがとうございます。内容を確認のうえ、改めてご連絡いたします。
テスト,記号入りセルの動作確認,"この行はインポートのテスト用です。ダブルクォート（""カギ括弧""）や、タブ文字→	←もセル内に含んでいます。正しく取り込めていれば成功です。"
テスト,カンマ入りセルの動作確認,"品名：〇〇, 数量：10, 納期：□月□日。カンマを含む本文が1つのセルとして取り込めていれば成功です。"